Sección,Fecha,Título,Detalle
Evento Relevante,07 OCT.,DESCONEXIÓN DE LOS GENERADORES G2 Y G3 DE LA CH YAUPI POR FALLA,"Desconectaron los generadores G2 y G3 de la CH Yaupi, con un total de 40 MW, por falla cuya causa no fue informada por STATKRAFT, titular de la central. No se reportó interrupción de suministros. Las unidades quedaron fuera de servicio para inspección."
Evento Relevante,07 OCT.,DESCONEXIÓN DE LA CH POTRERO POR FALLA EXTERNA EXTERNA,"Desconectó el generador G2 de la CH Potrero con 4 MW, por falla externa en la línea L-6047(Cajamarca - San Marcos) de propiedad de HIDRANDINA. A las 18:41 h, el generador sincronizó con el SEIN."
Evento Relevante,07 OCT.,DESCONEXIÓN DE LA LÍNEA L-2194 (BELAUNDE TERRY - CACLIC) DE 220 kV,"Desconectó la línea L-2194 (Cáclic - Belaunde Terry) de 220 kV debido a falla externa, según lo informado por CONCESIONARIA DE LÍNEA DE TRANSMISIÓN CCNCM. Cabe señalar que, la línea L-1017 (Tarapoto - Bellavista) de 138 kV se encontraba desconectada en la S.E. Bellavista por operación. Como consecuencia, se interrumpieron los suministros de las SS.EE. Tarapoto y Moyobamba con un total de 84 MW aproximadamente (55 MW y 29 MW, respectivamente). A las 11:52 h, el CC-RDS declaró disponible la línea L-2194. A las 11:53 h, se energizó la línea L-1017 en la S.E. Bellavista y se coordinó recuperar 4 MW en la S.E. Tarapoto. A las 11:56 h, se cerró el interruptor IN-4203 del reactor RB-4201 y, a las 11:57 h, se energizó la línea L-2194 con el reactor RB-4201 de la S.E. Belaunde Terry. A las 11:59 h, se energizó el autotransformador AT-4201. A las 12:00 h, se energizó la línea L-1018 en la S.E. Tarapoto. A las 12:04 h, se realizó un intento de energización de la línea L-1049, con resultado fallido. A las 12:05 h, se conectó la línea L-1018 (Tarapoto - Belaunde Terry) de 138 kV en la S.E. Belaunde Terry y se coordinó recuperar toda la carga interrumpida en la S.E. Tarapoto. A las 12:08 h, se aperturó el interruptor de la línea L-1017 en la S.E. Belaunde Terry por operación."
Evento Relevante,07 OCT.,DECLARACIÓN DE SITUACIÓN EXCEPCIONAL EN LA LÍNEA L-1018 (BELAUNDE TERRY - TARAPOTO) DE 138 kV,"Se declaró situación excepcional en la línea L-1018 (Belaunde Terry - Tarapoto) de 138 kV, debido a la sobrecarga en la línea, con el propósito de asegurar el abastecimiento oportuno de la demanda en la SE Tarapoto, de acuerdo con lo establecido en el Artículo 95 del Reglamento de la LCE."
Evento Relevante,07 OCT.,DESCONEXION DE LA UNIDAD G3 DE LA C.H. CHARCANI V,"Se produjo la desconexión de la unidad G3 de la C.H. Charcani V cuando generaba 25 MW, debido a causas que se investigan según lo indicado por EGASA, propietario del equipo. La unidad quedó fuera de servicio para su inspección."
Evento Relevante,07 OCT.,DECLARACIÓN DE SITUACIÓN EXCEPCIONAL EN LA S.E. PORTILLO 60 kV,"Se declaró situación excepcional en la S.E. Portillo por apertura del interruptor del acoplamiento de barras de 60 kV, debido a sobrecarga en la línea L-6578 (Portillo - Santa Clara) de 60 kV, quedando las líneas L-6011 y L-6578 conectadas a la barra ""B"" y el resto de los equipos a la barra ""A"", con el propósito de asegurar el abastecimiento oportuno de la demanda en la SE Santa Clara, de acuerdo con lo establecido en el Artículo 95 del Reglamento de la LCE."
Evento Relevante,06 OCT.,DESCONEXIÓN DE LAS LÍNEAS L-1104 Y L-1105 (CHIMBOTE 1 - HUALLANCA) DE 138 KV POR FALLA,"Se produjo la desconexión de las líneas L-1104 y L-1105 (Chimbote 1 - Huallanca) de 138 kV por falla, debido a descargas atmosféricas, según lo informado por ISA PERÚ, titular de las líneas. Como consecuencia el usuario libre SIDER PERÚ redujo su carga en 4 MW. La línea L-1104 solo abrió en la S.E. Huallanca , mientras que la línea L-1105 desconectó en ambos extremos. A las 17:44 h se coordinó recuperar la carga de SIDER PERÚ. A las 17:45 h, se conectó la línea L-1104. A las 18:29 h, se conectó la línea L-1105."
Evento Relevante,06 OCT.,DESCONEXIÓN DE LA LÍNEA L-6067 (HUALLANCA NUEVA - HUARICASHASH) DE 60 KV,"Desconectó la línea L-6067 (Huallanca Nueva - Huaricashash) de 60 kV por falla, debido a descargas atmosféricas, según lo informado por ELECTROCENTRO, titular de la línea. Como consecuencia se interrumpió el suministro de la S.E. La Unión con un total de 2 MW. Asimismo, se produjo la desconexión de la C.H. Marañón con 10.5 MW. A las 17:36 h, se conectó la línea L-6067 y se procedió a recuperar la carga interrumpida. A las 18:16 h, el generador G1 de la C.H. Marañón sincronizó con el SEIN. A las 18:19 h, el generador G2 de la C.H. Marañón sincronizó con el SEIN."
Evento Relevante,06 OCT.,DESCONEXIÓN DE LA CL-2207 DE LA S.E. CANTERA 220 KV,"Desconectó la celda de la línea L-2207 (Independencia – Cantera) de 220 kV en la S.E. Cantera, debido a una apertura incorrecta durante los trabajos de mantenimiento de la línea L-2089 (Asia – Cantera) de 220 kV, según lo informado por EDE CAÑETE, titular de la celda. Como consecuencia, quedó fuera de servicio la S.E. Cantera de 220 kV, se interrumpieron 24.5 MW de suministro y salió fuera de servicio la C.H. Nueva Imperial con 3.5 MW de generación. A las 17:11 h, el CC-LDS energizó la barra de 220 kV de la S.E. Cantera y recuperó el suministro interrumpido."
Evento Relevante,06 OCT.,DESCONEXIÓN DEL GENERADOR G1 DE LA C.H. MANTA,"Desconectó el generador G1 de la C.H. Manta cuando generaba 2.6 MW por falla, debido a causas que se encuentran en investigación, según lo informado por CELARIS ENERGY, titular del equipo. No se presentó interrupción de suministros en el SEIN. A las 18:36 h se declaró disponible el generador G1."
Evento Relevante,06 OCT.,DESCONEXIÓN DE LA LÍNEA L-2201 (CAMPO ARMIÑO - POMACOCHA) DE 220 kV,"Desconectó la línea L-2201 (Campo Armiño – Pomacocha) de 220 kV por falla, debido a descargas atmosféricas, según lo informado por RED DE ENERGIA DEL PERU, titular del equipo. Cabe señalar que se efectuó un intento de recierre automático no exitoso en la S.E. Campo Armiño, quedando la línea energizada desde la S.E. Pomacocha. A las 15:47 h se cerró el interruptor de la línea L -2201 en la S.E. Campo Armiño."
Evento Relevante,06 OCT.,DESCONEXIÓN DEL GENERADOR G2 DE LA C.H. YARUCAYA,"Desconectó el generador G2 de la C.H. Yarucaya con 7.51 MW por falla, debido a causas que se encuentra en investigación, según lo informado por HUAURA POWER GROUP S.A., titular de la central. A las 00:37 h del 07.10.2026, el generador sincronizó con el SEIN."
Evento Relevante,06 OCT.,DESCONEXIÓN DE LAS LÍNEAS L-2201 Y L-2202 (CARMPO ARMIÑO - POMACOCHA) DE 220 kV POR FALLA,"A las 13:02 h y 13:03 h, desconectaron las líneas L-2202 y L-2201 (Campo Armiño - Pomacocha) de 220 kV por falla cuya causa no fue informada por RED DE ENERGIA DEL PERU, titular de las líneas. No se reportó interrupción de suministros. A las 14:01 h, se puso en servicio la L-2201. A las 14:03 h, se puso en servicio la L-2202."
Evento Relevante,06 OCT.,DESCONEXIÓN DE LA LÍNEA L-1127 (HUALLANCA - HUARAZ OESTE) DE 138 kV POR FALLA,"Desconectó la línea L-1127 (Huallanca - Huaraz Oeste) de 138 kV por falla cuya causa no fue informada por COMPAÑÍA TRANSMISORA ANDINA, titular de la línea. A las 10:09 h, desconectó el transformador T-11 de 138/66 kV de la SE Huallanca. Como consecuencia, se interrumpió el suministro de las SSEE Huallanca, Huaraz, Carhuaz, Caraz, Ticapampa, Pallasca y La Pampa de 66 kV con un total de 21 MW aproximadamente. Asimismo, desconectaron las CCHH Santa Cruz I (1.7 MW), Santa Cruz II (2.05 MW), Manta y Pariac (2.54 MW). A las 10:30 h, se conectó la línea L-1127 y se coordinó recuperar la carga interrumpida de las SSEE Huallanca, Huaraz, Carhuaz, Caraz y Ticapampa. A las 11:30 h, se conectó el transformador T-11 y se inició el restablecimiento de las SSEE Huallanca, La Pampa y Pallasca. A las 10:49 h y 12:08 h, sincronizaron las CCHH Pariac y Manta con el SEIN respectivamente."
Evento Relevante,06 OCT.,DECLARACIÓN DE SITUACIÓN EXCEPCIONAL EN LA LÍNEA L-1018 (BELAUNDE TERRY - TARAPOTO) DE 138 kV,"Se declaró situación excepcional en la línea L-1018 (Belaunde Terry - Tarapoto) de 138 kV, debido a la sobrecarga en la línea, con el propósito de asegurar el abastecimiento oportuno de la demanda en la SE Tarapoto, de acuerdo con lo establecido en el Artículo 95 del Reglamento de la LCE. A las 22:46 h, finalizó la situación excepcional."
Evento Relevante,06 OCT.,DECLARACIÓN DE SITUACIÓN EXCEPCIONAL EN LA S.E. PORTILLO 60 kV,"Se declaró situación excepcional en la S.E. Portillo por apertura del interruptor del acoplamiento de barras de 60 kV, debido a sobrecarga en la línea L-6578 (Portillo - Santa Clara) de 60 kV, quedando las líneas L-6011 y L-6578 conectadas a la barra ""B"" y el resto de los equipos a la barra ""A"", con el propósito de asegurar el abastecimiento oportuno de la demanda en la SE Santa Clara, de acuerdo con lo establecido en el Artículo 95 del Reglamento de la LCE."
Máxima Demanda,07 OCT.,MÁXIMA DEMANDA SETIEMBRE 2026 (Actualización),"La máxima demanda ocurrió a las 19:00 horas del martes 15 de setiembre, con 8 296,318 MW. Nota: Valor actualizado por rectificación de registros de medidores de generación por parte de la empresa EGEJUNIN"
Máxima Demanda,02 OCT.,MÁXIMA DEMANDA SETIEMBRE 2026,"La máxima demanda ocurrió a las 19:00 horas del martes 15 de setiembre, con 8 278,968 MW."
Máxima Demanda,02 SEP.,MÁXIMA DEMANDA AGOSTO 2026,"La máxima demanda ocurrió a las 19:00 horas del miércoles 26 de agosto, con 8 084,537 MW."
Máxima Demanda,02 AGO.,MÁXIMA DEMANDA JULIO 2026,"La máxima demanda ocurrió a las 18:45 horas del viernes 03 de julio, con 8 135,282 MW."
Máxima Demanda,02 JUL.,MÁXIMA DEMANDA JUNIO 2026,"La máxima demanda ocurrió a las 18:45 horas del lunes 15 de junio, con 8 122,574 MW."
Máxima Demanda,02 JUN.,MÁXIMA DEMANDA MAYO 2026,"La máxima demanda ocurrió a las 18:45 horas del miércoles 06 de mayo, con 8 093,652 MW."
Máxima Demanda,02 MAY.,MÁXIMA DEMANDA ABRIL 2026,"La máxima demanda ocurrió a las 19:00 horas del martes 14 de abril, con 8 193,110 MW."
Máxima Demanda,02 ABR.,MÁXIMA DEMANDA MARZO 2026,"La máxima demanda ocurrió a las 19:30 horas del miércoles 11 de marzo, con 8 139,241 MW."
Máxima Demanda,09 MAR.,MÁXIMA DEMANDA FEBRERO 2026 (Actualización),"La máxima demanda ocurrió a las 19:00 horas del miércoles 25 de febrero, con 8 236,920 MW. Nota: Valor actualizado por rectificación de registros de medidores de generación por parte de las empresas GENERACIÓN ANDINA S.A.C. y STATKRAFT PERÚ S.A."
Máxima Demanda,02 MAR.,MÁXIMA DEMANDA FEBRERO 2026,"La máxima demanda ocurrió a las 19:00 horas del miércoles 25 de febrero, con 8 236,923 MW"
Máxima Demanda,09 FEB.,MÁXIMA DEMANDA ENERO 2026 (Actualización),"La máxima demanda ocurrió a las 20:00 horas del martes 20 de enero, con 7 995,446 MW. Nota: Valor actualizado por rectificación de registros de medidores de generación por parte de las empresas AGROLMOS S.A.; FENIX POWER PERÚ y ELECTROPERU."
Máxima Demanda,02 FEB.,MÁXIMA DEMANDA ENERO 2026,"La máxima demanda ocurrió a las 20:00 horas del martes 20 de enero, con 7 991,583 MW"
Máxima Demanda,02 ENE.,MÁXIMA DEMANDA DICIEMBRE 2025,"La máxima demanda ocurrió a las 19:45 horas del martes 16 de diciembre, con 7 908,992 MW"
Máxima Demanda,02 DIC.,MÁXIMA DEMANDA NOVIEMBRE 2025,"La máxima demanda ocurrió a las 20:00 horas del miércoles 26 de noviembre, con 7 875,321 MW"
Máxima Demanda,02 NOV.,MÁXIMA DEMANDA OCTUBRE 2025,"La máxima demanda ocurrió a las 18:45 horas del viernes 10 de octubre, con 7 826,688 MW"
Máxima Demanda,02 OCT.,MÁXIMA DEMANDA SETIEMBRE 2025,"La máxima demanda ocurrió a las 18:45 horas del martes 09 de setiembre, con 7 777,751 MW"
Máxima Demanda,02 SEP.,MÁXIMA DEMANDA AGOSTO 2025,"La máxima demanda ocurrió a las 19:30 horas del martes 19 de agosto, con 7 604,636 MW"
Máxima Demanda,08 AGO.,MÁXIMA DEMANDA DE JULIO 2025 (Actualización),"La máxima demanda ocurrió a las 19:30 horas del viernes 25 de julio, con 7 544,217 MW Nota: Valor actualizado por rectificación de registros de medidores de generación por parte de la empresa MAJA ENERGÍA S.A.C. (C.H. Roncador)."
Máxima Demanda,02 AGO.,MÁXIMA DEMANDA JULIO 2025,"La máxima demanda ocurrió a las 19:30 horas del viernes 25 de julio, con 7 544,216 MW"
Máxima Demanda,08 JUL.,MÁXIMA DEMANDA JUNIO 2025 (Actualización),"La máxima demanda ocurrió a las 18:45 horas del martes 03 de junio, con 7 575,507 MW. Nota: Valor actualizado por rectificación de registros de medidores de generación por parte de la empresa GENERACIÓN ANDINA S.A.C. (C.H. El Carmen)."
Máxima Demanda,02 JUL.,MÁXIMA DEMANDA JUNIO 2025,"La máxima demanda ocurrió a las 18:45 horas del martes 03 de junio, con 7 575,523 MW."
Máxima Demanda,02 JUN.,MÁXIMA DEMANDA MAYO 2025,"La máxima demanda ocurrió a las 19:00 horas del viernes 02 de mayo, con 7 588,007 MW."
Máxima Demanda,02 MAY.,MÁXIMA DEMANDA ABRIL 2025,"La máxima demanda ocurrió a las 19:45 horas del martes 01 de abril, con 7 827,739 MW"
Máxima Demanda,02 ABR.,MÁXIMA DEMANDA MARZO 2025,"La máxima demanda ocurrió a las 19:00 horas del miércoles 26 de marzo, con 7 941,779 MW"
Máxima Demanda,11 MAR.,MÁXIMA DEMANDA FEBRERO 2025 (Actualización),"La máxima demanda ocurrió a las 19:30 horas del martes 25 de febrero, con 7 899,508 MW. Nota: Valor actualizado por rectificación de registros de medidores de generación por parte de la empresa ORYGEN PERU S.A.A. (C.E. Wayra I)."
Máxima Demanda,02 MAR.,MÁXIMA DEMANDA FEBRERO 2025,"La máxima demanda ocurrió a las 19:30 horas del martes 25 de febrero, con 7 887,829 MW"
Máxima Demanda,07 FEB.,MÁXIMA DEMANDA ENERO 2025 -(Actualización),"La máxima demanda ocurrió a las 19:45 horas del lunes 27 de enero, con 7 745,872 MW. Nota: Valor actualizado por rectificación de registros de medidores de generación por parte de la empresa GM OPERACIONES S.A.C. (C.T. Refinería Talara)."
Máxima Demanda,02 FEB.,MÁXIMA DEMANDA ENERO 2025,"La máxima demanda ocurrió a las 19:45 horas del lunes 27 de enero, con 7 734,491 MW"
Máxima Demanda,02 ENE.,MÁXIMA DEMANDA DICIEMBRE 2024,"La máxima demanda ocurrió a las 19:30 horas del martes 03 de diciembre, con 7 698,940 MW."
Máxima Demanda,10 DIC.,MÁXIMA DEMANDA NOVIEMBRE 2024 -(Actualización),"La máxima demanda ocurrió a las 20:00 horas del martes 19 de noviembre, con 7 794,008 MW. Nota: Valor actualizado por rectificación de registros de medidor de generación por parte de la empresa MAJA ENERGÍA S.A.C. (C.H. Roncador)."
